532,544,520,500,547,511,527,574,518,528,511,550,598,555,530,1020,1
532,544,520,500,547,511,526,625,518,528,518,550,593,566,530,1019,1
532,544,520,500,547,511,526,647,518,527,516,550,595,578,530,1020,1
532,544,520,500,547,511,526,653,518,528,521,550,594,578,530,1019,1
532,544,520,500,547,511,526,659,518,528,518,550,595,584,530,1019,1
532,544,520,500,547,511,526,657,518,527,521,544,595,583,530,1019,1
532,544,520,500,547,511,526,661,518,527,518,545,599,585,531,1020,1
532,544,520,500,547,511,526,658,518,527,520,548,595,584,530,1020,1
532,544,520,500,547,511,526,662,518,527,518,545,597,583,530,1019,1
532,544,520,500,547,511,526,659,518,527,518,546,586,579,530,1019,1
532,544,520,500,546,511,526,661,518,527,517,546,601,584,530,1019,1
532,544,520,500,547,511,526,659,518,526,516,546,603,591,530,1019,1
532,544,520,500,547,511,526,660,518,526,518,546,593,589,530,1019,1
532,544,520,500,547,511,527,660,518,527,515,550,543,560,531,1019,1
532,544,520,500,547,511,526,659,519,527,519,550,540,544,530,1019,1
532,544,520,500,547,511,526,661,518,526,516,550,540,542,530,1019,1
532,544,520,500,547,511,526,658,518,527,520,550,540,535,530,1019,1
532,544,520,500,547,511,526,662,518,526,516,550,537,534,531,1019,1
532,544,520,500,547,512,527,658,519,526,520,550,538,531,530,1020,1
532,544,520,500,547,511,526,662,518,526,517,550,539,530,530,1019,1
532,544,520,500,546,511,526,658,519,526,520,550,539,529,530,1019,1
532,544,520,500,547,511,526,663,518,526,517,550,539,528,530,1019,1
532,544,520,500,547,512,526,659,518,526,517,550,539,531,530,1019,1
531,544,520,500,547,512,526,662,518,526,517,550,539,528,530,1019,1
532,544,520,500,547,511,526,659,519,526,515,550,542,533,530,1019,1
532,544,520,500,547,511,526,660,519,526,517,550,540,529,530,1019,1
532,544,520,500,547,512,526,660,518,526,515,550,541,534,530,1019,1
532,544,520,500,547,512,526,659,518,526,518,550,541,530,530,1019,1
532,544,520,500,546,512,527,660,519,525,515,550,540,534,530,1020,1
532,544,520,500,547,512,526,658,519,526,519,550,538,529,530,1020,1
532,544,520,500,547,512,526,661,518,525,515,550,537,532,530,1019,1
532,544,520,500,547,512,526,658,519,525,519,550,537,529,530,1019,1
532,544,520,500,547,512,526,662,518,525,516,551,538,529,530,1019,1
532,544,520,500,547,512,526,658,519,525,519,550,539,529,530,1019,1
532,544,520,500,547,512,526,662,519,526,517,550,539,528,530,1019,1
532,544,520,500,547,512,526,659,519,525,517,550,539,530,530,1019,1
532,544,520,500,547,512,526,662,519,525,516,550,540,528,530,1019,1
532,544,520,500,547,513,526,660,518,525,515,550,540,532,530,1018,1
532,544,520,500,546,513,527,661,518,525,516,550,540,528,530,1019,1
532,544,520,500,546,513,527,660,519,525,514,550,540,533,530,1019,1
532,544,520,500,546,513,526,659,519,525,518,550,540,530,530,1019,1
532,544,520,500,548,513,526,660,519,525,515,550,540,534,530,1019,1
532,544,520,500,547,513,526,658,519,525,519,550,541,531,530,1019,1
532,544,520,500,547,513,526,661,519,525,515,550,541,534,530,1020,1
532,544,520,500,547,514,527,658,519,525,519,550,540,531,530,1019,1
532,544,520,500,547,514,526,662,518,525,516,550,541,532,530,1019,1
532,544,520,500,547,514,526,658,518,524,518,550,541,532,530,1019,1
532,544,520,500,547,514,526,662,518,524,515,550,545,532,530,1020,1
532,544,520,500,547,514,526,659,518,524,516,550,544,534,530,1020,1
532,544,520,500,547,514,526,662,519,524,515,550,547,534,530,1019,1
532,544,520,500,547,514,526,659,519,524,513,543,544,537,530,1019,1
532,544,520,500,547,514,526,661,519,524,515,542,545,533,530,1019,1
532,544,520,500,547,513,526,659,518,524,513,542,544,538,530,1019,1
532,544,520,500,547,514,526,659,518,524,516,543,544,534,530,1020,1
532,544,520,500,547,513,526,660,519,524,513,543,544,538,530,1019,1
532,544,520,500,547,513,526,658,519,524,517,544,543,534,530,1019,1
532,544,520,500,547,513,526,661,518,524,514,544,544,537,530,1019,1
532,544,520,500,547,513,526,658,518,524,518,544,544,535,530,1019,1
532,544,520,500,547,512,526,662,518,524,515,544,544,535,530,1020,1
532,544,520,500,547,512,527,658,519,524,518,545,544,534,530,1019,1
532,544,520,500,547,512,526,663,519,525,516,545,543,533,530,1019,1
532,544,520,500,547,512,526,659,518,525,517,545,544,535,530,1019,1
532,544,520,500,547,512,526,662,518,525,516,546,546,534,530,1020,1
532,544,520,500,547,512,526,659,518,525,515,546,546,538,530,1019,1
532,544,520,500,547,512,526,661,519,525,517,546,546,534,531,1020,1
532,544,520,500,547,512,526,660,519,525,515,546,546,539,530,1019,1
532,544,520,500,547,511,526,659,519,525,518,546,553,539,530,1019,1
532,544,520,500,547,512,526,660,518,525,514,546,553,545,530,1019,1
532,544,520,500,547,512,526,658,518,525,518,544,545,537,530,1020,1
532,544,520,500,547,512,527,661,518,525,515,544,542,537,530,1020,1
532,544,520,500,547,512,526,658,519,525,519,544,541,533,530,1019,1
532,544,520,500,547,512,527,662,519,525,516,545,541,534,530,1019,1
532,544,520,500,547,512,526,658,518,525,519,547,542,533,530,1019,1
532,544,520,500,547,513,526,662,518,525,517,548,542,532,530,1020,1
532,544,520,500,547,513,526,659,518,525,518,549,542,533,530,1019,1
532,544,520,500,547,513,526,662,518,526,517,550,542,531,530,1019,1
532,544,520,500,546,513,526,659,519,526,516,551,543,535,530,1019,1
532,544,520,500,546,512,526,661,518,526,517,550,544,532,530,1019,1
532,544,520,500,546,512,527,660,518,526,515,548,544,537,530,1019,1
532,544,520,500,547,513,526,659,518,525,518,552,544,533,530,1019,1
532,544,520,500,547,513,526,660,519,526,515,551,544,538,530,1020,1
532,544,520,500,546,513,526,658,518,526,518,546,544,534,530,1019,1
532,544,520,500,547,513,526,661,518,525,516,550,544,538,530,1019,1
532,544,520,500,547,513,526,658,518,526,519,550,543,534,530,1019,1
532,544,520,500,547,513,526,662,518,525,516,551,544,536,530,1019,1
532,544,520,500,547,514,526,658,518,525,519,552,542,533,530,1019,1
532,544,520,500,547,513,526,662,518,526,517,552,540,531,530,1019,1
532,544,520,500,547,514,526,659,518,526,518,552,540,532,530,1019,1
532,544,520,500,547,513,526,662,518,526,517,553,541,530,530,1019,1
532,544,520,500,547,513,526,660,518,526,516,551,541,533,530,1019,1
532,544,520,500,547,514,526,661,518,526,517,551,541,529,530,1020,1
532,544,520,500,547,514,526,659,518,526,515,545,541,534,530,1019,1
532,544,520,500,547,513,526,659,518,526,518,547,542,530,530,1019,1
532,544,520,500,547,514,526,660,518,526,516,550,542,536,530,1020,1
532,544,520,500,547,514,526,658,518,527,520,546,543,532,530,1019,1
532,544,520,500,547,514,526,661,518,527,517,552,543,536,530,1020,1
532,544,520,500,547,514,526,658,518,527,520,548,545,535,530,1019,1
532,544,520,500,547,514,526,662,518,527,517,546,539,534,530,1020,1
532,544,520,500,547,513,526,658,518,527,520,546,545,535,530,1019,1
532,544,520,500,547,513,526,663,517,527,518,546,546,535,530,1020,1
532,544,520,500,547,514,527,659,517,527,519,545,546,536,530,1020,1
532,544,520,500,547,514,526,662,518,527,518,545,545,534,530,1019,1
532,544,520,500,547,513,526,659,517,528,517,546,545,538,530,1019,1
532,545,520,500,547,513,526,661,518,527,518,546,545,534,530,1019,1
532,544,520,500,546,514,526,660,517,527,517,545,547,539,530,1019,1
532,544,520,500,547,514,526,660,518,527,519,546,542,533,530,1019,1
532,544,520,500,544,514,526,660,518,526,516,552,543,538,530,1019,1
532,544,520,500,543,514,526,658,518,525,520,555,585,559,530,1020,1
532,544,520,500,543,513,526,661,518,526,516,554,578,563,530,1019,1
532,544,520,500,543,513,526,658,517,525,519,548,547,546,530,1019,1
532,544,520,500,543,514,526,662,517,525,516,552,546,543,530,1019,1
532,544,520,500,543,513,526,658,517,526,519,546,546,538,530,1019,1
532,544,520,500,543,513,527,662,517,526,517,552,545,536,530,1019,1
532,544,520,500,542,513,526,659,517,526,519,553,543,535,530,1019,1
532,544,520,500,543,514,526,662,517,526,517,553,542,532,530,1019,1
532,544,520,500,543,514,526,660,517,527,517,553,541,535,530,1019,1
532,544,520,500,543,514,526,662,518,527,518,553,542,531,530,1019,1
532,544,520,500,543,514,526,660,518,528,517,553,542,535,530,1019,1
532,544,520,500,542,514,526,660,518,528,520,553,542,531,530,1019,1
532,544,520,500,542,514,526,660,517,529,518,553,543,536,530,1019,1
532,544,520,500,542,514,526,659,517,528,522,553,544,534,530,1019,1
532,544,520,500,543,514,526,661,517,528,518,553,554,543,530,1020,1
532,544,520,500,542,514,526,658,518,527,522,552,569,553,530,1019,1
532,544,520,500,542,513,526,662,517,527,520,553,576,563,530,1019,1
532,544,520,500,543,514,526,662,517,527,525,553,574,565,530,1019,1
532,544,520,500,542,514,526,665,517,526,519,544,574,565,530,1019,1
532,544,520,501,543,515,527,660,518,526,521,553,575,567,530,1019,1
532,545,522,503,519,516,528,665,519,529,522,560,590,575,539,1019,1
530,553,530,499,517,518,528,665,530,563,544,584,551,564,562,1020,1
528,552,529,501,519,513,528,668,536,565,550,592,543,552,562,1019,1
526,552,529,501,519,511,528,665,548,547,542,570,544,544,558,1019,1
524,552,528,501,520,516,528,665,554,563,578,559,537,537,552,1019,1
533,553,530,503,520,522,532,667,566,558,559,555,538,534,557,1019,1
524,550,528,496,527,521,540,670,542,569,552,587,544,555,561,1019,1
539,541,519,499,515,524,536,672,541,556,544,555,531,537,548,1019,1
506,537,514,500,518,526,537,671,537,550,542,550,532,528,550,1020,1
510,531,524,515,577,571,544,676,534,538,533,535,527,524,546,1019,1
527,555,532,511,544,530,549,676,535,551,546,538,531,527,551,1020,1
537,550,529,507,546,531,545,674,534,565,554,594,549,531,544,1019,1
554,549,523,511,532,528,543,670,537,569,559,586,538,529,593,1019,1
537,554,530,515,566,522,545,671,534,586,568,565,542,525,546,1019,1
544,559,536,522,556,522,549,672,534,607,577,577,533,525,546,1020,1
541,562,538,517,556,525,546,675,549,591,605,560,539,528,543,1020,1
542,561,538,516,557,530,544,673,537,565,573,590,542,530,543,1019,1
541,561,537,513,557,526,543,673,536,543,552,583,535,525,544,1019,1
545,558,533,515,553,526,543,673,536,553,546,570,530,525,545,1019,1
543,565,539,508,555,529,539,669,537,555,549,580,531,523,543,1020,1
530,558,535,505,528,520,542,672,537,560,550,583,533,528,547,1019,1
530,559,537,508,520,527,543,672,539,563,553,568,532,523,539,1019,1
535,560,536,516,523,534,543,675,534,550,552,629,534,527,550,1019,1
537,558,537,516,550,527,538,668,536,560,569,575,536,527,555,1020,1
540,552,530,514,527,522,542,672,535,537,539,575,534,524,547,1020,1
525,552,531,513,526,531,542,670,533,538,534,558,531,522,542,1019,1
549,555,532,512,522,530,540,673,532,544,532,548,531,522,550,1019,1
548,547,524,511,521,529,539,670,533,538,530,550,535,525,544,1019,1
548,554,533,520,525,523,541,673,535,537,530,552,532,521,544,1019,1
549,553,531,513,533,526,540,671,532,537,528,559,532,525,540,1019,1
550,554,532,508,548,534,541,672,531,540,531,557,535,524,537,1019,1
539,558,535,519,519,534,537,671,542,539,530,581,535,529,540,1020,1
549,557,535,511,523,530,543,671,539,545,536,583,543,532,542,1019,1
548,551,529,510,520,524,539,673,549,543,534,562,539,534,542,1020,1
549,561,537,506,529,526,542,678,555,551,566,562,540,532,543,1019,1
550,562,537,504,558,528,543,680,548,549,556,564,536,534,543,1019,1
547,559,537,510,558,529,540,671,535,542,546,566,544,540,537,1019,1
553,552,529,510,570,528,538,675,534,544,541,564,568,553,534,1019,1
556,566,541,529,603,522,550,674,532,536,533,565,545,544,534,1020,1
549,578,551,521,559,532,528,670,533,545,537,577,544,539,535,1019,1
537,565,543,513,583,523,530,665,533,535,535,593,543,539,535,1020,1
547,568,546,514,585,519,532,667,531,537,531,601,545,536,535,1019,1
546,572,549,515,565,593,534,665,530,534,527,581,562,550,534,1019,1
546,570,547,515,555,517,532,664,532,540,529,575,546,542,533,1019,1
529,570,550,513,587,534,538,667,531,538,525,613,592,571,534,1019,1
528,571,554,514,553,520,541,666,532,535,529,574,567,556,536,1019,1
527,571,549,518,548,521,539,671,532,531,521,558,542,548,536,1020,1
522,571,550,515,543,528,541,666,532,531,526,560,538,540,534,1020,1
545,571,548,510,555,523,533,670,532,529,522,565,538,536,534,1019,1
529,573,550,578,546,518,536,664,533,528,524,565,534,530,533,1019,1
549,574,548,512,550,523,537,672,532,526,521,555,532,526,533,1019,1
548,600,572,508,579,516,540,666,530,526,519,585,535,523,534,1020,1
546,559,541,512,563,518,529,667,532,525,514,575,531,520,536,1020,1
547,568,542,505,585,522,532,653,530,524,505,545,531,512,535,1020,1
518,566,540,507,554,511,527,660,530,526,511,546,527,515,533,1019,1
545,562,536,515,526,511,528,659,531,526,515,549,528,517,533,1019,1
544,560,530,524,529,511,528,661,531,526,516,548,529,518,534,1020,1
545,560,534,516,531,510,529,661,531,526,517,556,528,519,534,1020,1
544,560,535,506,536,509,529,665,532,526,517,548,533,522,534,1019,1
545,561,539,517,607,510,530,664,530,525,517,557,528,520,534,1018,1
544,560,539,521,557,512,533,664,529,527,516,548,527,519,533,1020,1
541,559,539,512,567,512,529,663,531,524,515,549,527,518,532,1019,1
543,558,536,521,561,511,528,662,528,523,514,543,525,517,532,1019,1
544,559,537,517,538,510,527,661,527,522,514,542,525,516,531,1020,1
546,560,536,526,545,510,527,660,527,522,514,548,524,516,531,1019,1
547,560,536,516,540,510,527,661,527,522,514,556,525,516,532,1019,1
548,559,535,512,541,510,527,661,528,523,514,572,525,516,531,1019,1
544,558,534,519,540,512,526,660,527,523,514,562,524,515,531,1019,1
547,559,532,522,540,512,525,660,527,523,514,557,524,516,530,1019,1
548,558,531,528,540,511,525,659,527,522,513,552,524,515,530,1019,1
539,556,531,536,532,510,525,659,528,522,513,544,525,516,531,1019,1
548,557,532,520,535,511,526,659,530,524,517,565,527,518,532,1020,1
547,556,533,521,537,514,527,661,531,526,517,556,528,519,534,1020,1
549,559,535,514,540,517,528,661,531,528,519,560,528,520,535,1019,1
548,558,534,511,539,516,527,661,530,526,519,570,528,520,534,1019,1
547,558,534,512,537,516,526,660,531,525,517,558,527,518,534,1019,1
546,558,533,506,530,515,526,663,532,524,515,549,526,517,534,1019,1
547,559,533,504,532,514,525,659,530,525,516,548,526,517,534,1020,1
548,559,533,505,529,514,524,659,527,523,515,556,526,517,533,1019,1
547,558,533,565,529,512,525,659,527,523,515,553,525,517,534,1019,1
537,557,530,523,530,513,526,662,528,523,514,555,526,516,534,1020,1
540,558,532,510,530,514,528,661,529,524,514,550,527,522,535,1019,1
549,557,531,507,532,515,528,660,533,526,520,567,532,518,535,1019,1
543,557,530,507,532,515,528,661,529,525,514,548,529,524,535,1020,1
549,556,530,505,530,517,529,659,530,524,519,560,528,519,536,1020,1
549,556,529,510,527,515,528,663,530,523,515,563,539,526,534,1020,1
548,556,530,512,530,514,528,659,528,524,518,558,555,534,537,1019,1
537,555,529,502,531,514,527,664,530,524,514,552,546,539,538,1020,1
541,555,529,502,530,514,528,659,530,524,516,544,546,528,538,1019,1
547,553,529,514,532,516,529,666,529,525,515,543,541,534,538,1020,1
542,555,530,509,530,517,529,660,530,526,517,543,549,536,537,1019,1
538,556,531,509,527,516,528,665,529,527,518,564,533,527,536,1019,1
537,555,530,506,528,515,527,660,529,528,516,545,547,536,535,1019,1
538,554,529,508,527,513,527,663,529,526,515,543,539,528,534,1019,1
538,553,528,508,527,516,527,660,529,523,514,558,530,527,533,1019,1
545,552,527,506,525,513,525,659,529,523,515,550,529,520,533,1020,1
546,553,527,504,527,512,524,659,531,526,513,548,533,527,532,1019,1
544,548,524,507,525,513,525,655,529,523,516,555,529,520,537,1019,1
527,549,524,509,524,512,525,660,528,523,513,550,530,525,537,1019,1
537,549,524,507,526,513,525,656,529,523,517,549,528,520,535,1020,1
539,547,521,505,524,511,524,662,529,523,514,550,527,520,534,1020,1
537,548,523,498,526,513,524,655,529,523,516,551,527,518,533,1019,1
539,547,523,499,527,512,523,661,528,524,515,553,527,516,533,1019,1
542,547,523,501,526,512,531,662,528,524,516,555,527,518,533,1019,1
537,546,521,502,526,512,526,664,528,525,515,555,531,517,534,1020,1
538,547,522,513,526,510,523,659,528,522,512,540,530,522,535,1020,1
543,547,523,508,528,509,524,660,528,522,515,558,529,521,535,1020,1
526,549,524,496,526,510,524,659,527,524,515,553,529,521,536,1019,1
539,551,527,503,543,513,526,662,530,525,517,554,530,520,535,1019,1
527,558,534,498,542,512,526,661,529,524,515,553,531,523,535,1020,1
515,551,527,516,540,510,525,659,533,524,516,550,532,523,535,1020,1
525,553,521,499,536,508,524,659,534,523,516,552,534,525,535,1020,1
520,558,533,501,536,509,525,658,530,522,514,550,533,525,533,1019,1
544,559,534,503,536,509,522,658,530,522,513,547,532,524,533,1019,1
524,556,527,502,534,511,523,657,528,522,514,548,531,524,532,1019,1
543,541,522,500,534,509,523,657,527,522,514,551,533,523,531,1019,1
516,539,522,505,532,508,522,656,527,522,514,570,530,522,531,1019,1
516,539,521,497,533,508,524,657,527,522,513,553,543,523,531,1019,1
516,539,521,497,532,509,522,657,527,525,513,554,536,523,532,1018,1
540,530,516,506,533,508,521,657,527,522,513,568,530,523,531,1019,1
508,539,525,496,537,509,520,659,526,522,511,546,531,522,531,1020,1
508,529,509,499,536,506,520,657,526,521,511,543,532,522,530,1020,1
540,555,533,494,534,505,520,655,527,521,512,561,531,522,530,1019,1
527,549,530,495,529,504,520,656,528,521,511,544,529,521,530,1019,1
517,564,538,501,530,505,520,655,526,520,511,549,537,523,530,1019,1
516,552,527,494,532,504,519,658,526,520,514,553,528,520,530,1020,1
508,540,519,496,535,504,519,655,526,520,511,555,528,520,530,1020,1
509,555,528,500,536,504,518,654,525,519,513,575,530,520,529,1020,1
510,548,518,497,524,504,520,655,525,519,509,557,529,520,529,1019,1
534,553,527,497,527,507,525,656,524,520,510,548,528,520,529,1019,1
523,555,529,511,548,504,520,658,524,518,510,567,529,518,529,1020,1
510,555,529,500,568,503,520,655,524,519,508,547,527,519,529,1020,1
527,554,529,497,552,502,518,655,524,519,509,549,527,516,528,1019,1
536,554,528,497,574,503,517,652,524,519,508,542,532,525,527,1019,1
523,554,528,492,573,502,520,653,523,518,510,543,532,521,528,1020,1
513,554,528,498,585,503,520,654,524,518,507,543,529,524,528,1019,1
514,553,527,493,548,502,520,653,524,518,511,548,536,520,528,1020,1
512,553,527,496,559,502,521,657,523,518,508,547,527,522,527,1019,1
511,553,527,493,544,501,518,651,523,519,513,552,531,521,528,1020,1
511,553,527,491,562,501,518,657,523,519,509,548,537,526,527,1019,1
517,552,527,491,567,500,519,652,523,519,514,555,537,525,528,1019,1
513,552,527,491,571,501,517,657,523,519,510,551,536,524,527,1020,1
512,552,527,491,561,501,517,651,523,519,512,555,539,527,527,1020,1
510,552,527,490,543,501,517,657,523,520,511,588,534,523,527,1019,1
508,552,527,490,550,502,518,653,523,521,508,544,534,527,527,1019,1
534,551,526,492,556,503,521,657,524,519,509,544,537,525,528,1020,1
520,537,511,494,535,506,524,656,524,520,509,550,541,531,529,1020,1
508,556,530,494,537,506,524,657,525,520,512,544,536,524,530,1020,1
522,555,530,495,534,507,523,657,525,520,512,557,541,529,530,1020,1
513,555,529,495,537,508,523,655,525,521,514,550,545,528,531,1020,1
534,551,522,496,538,507,522,659,525,520,510,560,530,528,530,1019,1
537,553,527,496,538,507,521,653,525,520,514,550,529,523,531,1019,1
536,552,527,496,537,506,521,659,526,521,511,551,532,523,531,1020,1
538,552,527,496,538,506,520,653,529,521,514,546,534,522,532,1019,1
537,552,527,495,540,508,522,660,529,522,513,548,535,521,531,1019,1
539,548,524,496,541,511,524,656,527,523,514,552,531,522,531,1019,1
524,553,527,500,542,510,524,662,528,520,512,553,529,519,531,1019,1
523,553,527,498,548,509,524,657,527,521,513,573,530,524,532,1019,1
510,554,527,497,548,508,523,660,527,520,511,561,532,519,532,1020,1
512,554,527,498,572,508,523,657,527,521,510,559,531,525,532,1019,1
513,556,531,501,550,509,523,657,527,521,512,546,538,524,532,1019,1
514,565,528,504,542,509,523,658,527,522,511,556,531,526,532,1019,1
517,558,542,506,539,513,525,653,527,523,514,550,537,519,533,1020,1
519,568,545,506,528,510,527,661,526,522,513,549,527,522,534,1020,1
520,566,544,507,536,511,530,659,527,522,517,561,610,519,534,1019,1
516,566,542,509,605,513,526,665,528,523,516,560,548,534,535,1019,1
542,562,539,514,541,514,525,658,528,526,524,564,545,531,538,1020,1
542,562,538,512,545,515,531,671,526,525,516,579,557,537,539,1019,1
543,561,538,514,549,511,523,662,529,527,519,553,600,577,538,1020,1
537,562,538,565,548,516,541,669,529,529,523,563,614,589,544,1020,1
534,562,539,521,546,514,528,661,527,548,520,572,587,578,540,1020,1
539,561,538,525,541,517,527,662,529,553,527,566,565,563,574,1019,1
532,572,550,553,636,520,533,663,537,556,531,568,562,554,543,1020,1
516,564,541,552,593,516,530,665,531,544,536,570,553,545,540,1019,1
527,562,539,551,588,516,538,669,535,527,533,574,550,544,542,1020,1
525,561,539,597,558,517,539,662,540,543,533,559,566,545,549,1020,1
543,564,542,677,563,519,535,668,540,536,526,572,547,543,549,1020,1
541,563,541,540,562,523,545,671,535,550,540,551,571,556,542,1019,1
542,562,540,592,581,519,567,693,542,538,530,576,543,538,554,1020,1
544,561,539,562,573,522,542,682,542,528,524,555,544,535,541,1020,1
527,560,538,552,574,519,548,683,532,546,528,570,541,535,547,1020,1
542,563,541,680,596,521,552,682,533,554,530,562,557,571,550,1019,1
535,563,542,559,557,520,568,677,531,530,524,554,533,561,543,1019,1
544,561,540,585,599,535,559,681,537,540,538,550,606,543,554,1019,1
546,564,543,525,601,537,597,698,531,586,538,556,530,525,549,1020,1
547,566,544,536,601,536,573,697,529,564,527,548,527,524,545,1019,1
546,566,543,528,603,539,572,699,529,558,554,545,543,529,547,1020,1
544,565,541,550,604,544,571,701,528,598,544,540,529,529,546,1020,1
548,567,541,524,605,559,586,702,529,542,535,548,535,531,559,1019,1
546,567,541,532,600,529,577,699,533,534,532,552,546,526,544,1020,1
550,567,543,520,596,530,575,697,531,545,529,561,531,519,539,1020,1
525,570,547,528,562,551,587,714,530,564,527,540,526,523,538,1020,1
547,569,548,521,547,530,579,694,532,541,529,540,538,523,538,1019,1
538,569,549,533,547,537,568,696,532,527,536,540,533,522,538,1020,1
548,568,548,528,537,525,570,694,539,533,535,544,524,519,539,1020,1
525,563,552,525,572,526,564,697,529,550,536,558,526,517,542,1020,1
546,554,549,533,551,528,557,689,529,547,534,554,534,522,537,1019,1
545,559,544,529,551,531,559,689,530,543,538,562,527,518,538,1019,1
544,554,538,525,546,532,565,690,531,535,527,571,533,526,540,1019,1
524,559,543,528,576,531,623,694,531,548,534,559,524,517,538,1020,1
540,555,540,521,546,546,606,693,532,551,542,556,529,521,540,1020,1
553,553,536,519,548,537,595,708,535,562,552,553,533,517,538,1019,1
551,535,527,524,534,536,572,695,535,545,538,550,525,519,538,1019,1
540,537,530,519,531,531,552,683,537,579,580,555,525,525,545,1019,1
554,536,528,518,529,532,551,682,532,553,561,575,553,531,545,1019,1
540,537,530,518,530,528,550,679,535,566,565,582,551,574,550,1019,1
556,538,529,516,526,545,547,678,538,557,555,614,537,538,542,1019,1
543,536,527,516,527,527,554,677,545,587,566,597,553,539,547,1019,1
530,537,530,519,535,526,554,675,547,568,536,619,561,532,555,1020,1
531,539,529,517,542,530,581,674,540,545,512,581,546,504,551,1019,1
542,540,522,516,551,535,625,653,536,540,487,592,545,466,554,1020,1
547,537,530,516,542,524,577,649,535,618,492,573,544,471,549,1020,1
522,536,529,514,579,524,575,666,535,558,514,576,544,492,546,1019,1
522,535,527,512,538,532,573,688,535,533,513,576,545,513,544,1019,1
522,536,528,513,537,536,583,698,532,558,532,580,546,521,542,1020,1
555,536,527,512,532,520,580,703,542,534,525,567,545,533,545,1020,1
558,535,526,512,531,520,579,702,532,582,537,566,540,533,544,1019,1
547,532,523,510,523,527,560,697,533,586,537,573,545,537,543,1019,1
515,532,523,510,523,519,571,692,535,530,529,560,542,537,542,1020,1
515,531,522,509,523,519,576,702,531,559,541,560,545,537,542,1019,1
517,533,525,512,524,518,572,699,531,530,528,547,544,538,541,1019,1
515,531,522,510,523,532,578,704,530,529,525,549,545,536,542,1020,1
519,532,523,511,524,532,576,703,531,528,522,551,544,540,542,1020,1
520,532,522,510,524,538,577,702,530,528,523,554,544,536,541,1019,1
521,532,523,511,523,520,574,700,529,528,520,560,544,541,542,1019,1
519,531,523,510,523,535,581,703,532,542,533,572,544,537,542,1019,1
519,531,522,510,523,555,571,698,529,532,529,580,545,541,538,1020,1
519,531,522,510,523,525,572,694,528,545,563,570,545,538,538,1019,1
518,530,520,508,521,528,567,696,529,578,552,569,545,540,537,1020,1
517,530,521,509,522,539,571,695,527,558,551,572,545,538,541,1020,1
516,530,520,508,521,515,591,708,527,565,556,566,545,537,538,1020,1
517,530,521,509,521,515,592,694,528,538,543,552,545,537,539,1020,1
517,530,521,508,521,515,567,698,528,550,547,556,545,536,538,1019,1
516,530,522,509,522,515,560,689,527,556,549,561,545,538,538,1020,1
517,530,521,508,521,514,560,691,527,621,551,567,545,535,537,1019,1
516,530,521,507,522,514,565,689,527,534,532,572,545,540,538,1020,1
517,531,522,508,524,515,561,688,526,533,529,570,545,536,538,1019,1
517,531,522,508,524,515,582,691,526,568,542,573,545,540,539,1020,1
517,531,523,509,525,516,568,691,526,551,548,573,545,537,540,1020,1
517,532,523,509,525,516,589,690,526,558,546,566,545,541,539,1020,1
517,532,523,508,524,515,580,708,525,525,532,567,545,537,539,1019,1
517,533,524,509,525,516,566,698,526,525,521,551,545,539,538,1019,1
518,532,524,509,525,530,606,717,527,540,531,552,546,537,537,1019,1
517,533,524,509,525,527,595,719,527,539,529,551,546,537,538,1020,1
517,533,524,510,525,538,610,722,527,542,538,574,546,538,537,1020,1
519,533,525,510,526,555,610,728,526,550,540,582,547,537,536,1019,1
519,534,525,510,525,549,582,700,527,560,542,569,547,540,538,1020,1
521,533,525,511,527,540,596,714,525,561,550,560,548,537,536,1019,1
520,532,523,510,526,535,567,691,525,534,539,572,549,543,537,1020,1
518,531,522,509,525,515,594,714,525,547,541,559,549,539,538,1020,1
518,531,522,509,525,516,568,692,525,527,523,554,550,544,537,1020,1
524,536,527,513,529,519,600,697,526,538,530,554,552,542,538,1019,1
522,534,525,512,528,519,561,694,525,547,534,553,553,547,539,1019,1
520,532,523,510,527,519,561,687,525,559,535,553,552,544,538,1020,1
522,533,524,511,527,572,561,690,527,565,541,553,557,548,541,1019,1
522,532,523,509,525,569,580,685,529,536,549,553,554,546,543,1019,1
522,532,523,510,527,530,570,697,527,540,534,555,554,545,543,1020,1
522,533,524,511,528,539,575,699,524,538,539,555,556,546,544,1020,1
525,533,525,511,527,530,565,695,527,552,535,556,556,545,543,1020,1
526,535,527,512,529,525,574,696,525,543,535,559,548,543,543,1020,1
529,534,525,510,527,546,595,710,524,535,531,563,550,541,546,1019,1
536,535,526,511,527,529,602,715,527,533,526,565,553,546,543,1020,1
531,532,523,509,526,534,556,693,528,541,535,574,543,537,546,1020,1
530,531,523,507,525,517,606,714,526,562,549,575,540,539,590,1019,1
525,531,523,508,524,528,589,710,525,529,536,636,540,532,555,1019,1
523,532,523,508,524,532,596,711,524,546,530,581,540,539,590,1019,1
519,531,523,508,525,533,601,696,526,530,524,569,540,528,545,1019,1
520,532,523,509,525,524,609,718,526,523,517,564,539,531,551,1020,1
520,531,522,508,525,522,602,716,527,524,519,557,540,530,545,1020,1
521,532,523,509,525,518,609,725,524,537,529,557,539,528,537,1019,1
524,534,525,510,526,517,608,715,525,553,541,559,538,529,542,1019,1
526,533,524,510,526,518,591,724,525,542,537,560,538,528,541,1020,1
527,532,524,509,525,516,609,723,524,526,524,564,539,530,542,1020,1
532,535,526,512,528,519,566,703,523,545,536,569,539,528,539,1019,1
556,540,531,518,532,525,569,698,523,549,539,573,539,532,538,1020,1
555,534,525,510,526,521,564,693,522,738,544,572,540,529,543,1020,1
553,534,526,512,527,521,565,692,522,527,527,574,541,535,539,1020,1
556,535,527,513,529,525,572,694,523,533,530,571,542,531,538,1019,1
557,535,526,513,528,522,607,717,523,525,519,568,542,536,539,1019,1
557,535,526,512,527,518,589,707,523,534,528,568,543,533,538,1019,1
558,535,527,514,529,520,560,695,522,559,542,567,543,536,541,1020,1
560,537,529,515,530,520,577,696,524,528,528,569,542,533,538,1020,1
559,537,528,515,530,519,599,721,523,525,521,571,541,532,540,1020,1
557,534,525,511,527,517,611,711,527,547,529,578,542,533,541,1019,1
557,534,526,511,526,516,604,721,523,544,531,586,542,531,539,1019,1
557,534,525,511,526,515,581,710,522,545,532,553,542,534,539,1020,1
553,530,521,507,522,513,563,695,522,545,531,553,544,532,538,1019,1
552,529,520,507,522,512,582,700,522,556,537,554,546,538,540,1019,1
553,530,521,507,522,511,575,700,522,541,538,554,547,536,544,1019,1
553,530,521,507,522,513,607,718,524,538,536,614,553,545,542,1019,1
553,530,521,508,523,513,607,719,523,534,534,591,557,544,545,1020,1
553,529,521,507,522,513,602,720,527,537,529,589,550,543,538,1020,1
554,530,521,508,523,514,597,712,525,550,543,570,555,543,539,1020,1
526,531,523,510,525,524,584,710,526,544,541,592,539,537,542,1019,1
550,534,525,513,527,517,609,707,525,551,544,605,538,530,545,1020,1
551,533,524,511,525,519,579,701,527,541,531,572,538,529,543,1020,1
551,530,522,509,524,517,571,694,525,540,532,555,539,529,541,1020,1
514,530,522,509,523,520,603,720,524,543,533,554,538,529,544,1019,1
522,531,522,510,525,529,547,687,523,554,541,554,539,533,545,1019,1
518,530,522,509,524,526,544,682,522,542,538,554,540,532,541,1019,1
519,530,522,509,524,522,541,678,523,546,540,553,540,541,542,1020,1
518,531,522,509,525,533,542,686,526,547,555,564,619,572,549,1020,1
550,531,522,509,525,529,542,697,528,549,582,577,583,602,549,1019,1
522,531,522,509,525,519,543,694,536,567,590,569,550,579,566,1020,1
522,530,522,509,529,536,549,693,542,553,570,587,563,596,550,1020,1
518,530,521,508,527,515,551,686,541,556,586,582,578,583,551,1020,1
512,529,520,508,525,514,553,688,541,531,548,582,563,571,550,1019,1
509,530,521,508,525,513,556,686,540,558,549,586,581,568,548,1020,1
511,529,521,508,525,515,557,690,540,546,540,592,597,587,547,1019,1
509,528,519,509,523,517,584,717,543,539,535,552,546,558,551,1020,1
532,527,523,509,542,522,614,710,540,564,548,564,559,557,541,1020,1
569,532,521,513,560,524,538,690,711,570,544,544,532,545,542,1019,1
539,537,530,525,533,526,549,681,535,557,548,546,528,535,544,1019,1
533,550,538,519,529,531,538,673,534,564,555,547,540,539,541,1019,1
534,545,534,515,531,524,536,670,532,556,548,556,547,544,562,1019,1
543,566,534,518,526,520,535,688,531,545,540,559,543,542,540,1019,1
558,540,528,517,528,523,568,682,536,536,548,564,537,535,544,1019,1
569,552,536,519,532,530,571,688,533,550,542,564,538,535,558,1019,1
554,557,531,512,518,519,558,679,532,554,560,560,539,531,544,1019,1
538,545,533,511,520,537,562,682,531,551,547,547,540,530,542,1019,1
537,562,539,510,518,536,558,684,530,581,568,557,553,531,537,1020,1
536,559,541,511,518,518,582,689,532,546,550,580,558,539,574,1019,1
534,543,531,511,518,528,561,688,531,550,547,566,553,546,544,1019,1
534,555,536,511,519,517,561,690,531,557,558,577,557,546,545,1019,1
534,544,530,516,517,515,561,689,531,551,552,568,573,559,548,1019,1
532,542,529,512,523,513,566,695,532,567,556,580,568,556,550,1020,1
530,540,524,523,520,513,568,691,534,581,567,601,550,549,542,1019,1
535,545,529,512,518,533,593,692,533,536,559,580,548,546,543,1019,1
536,545,530,509,516,520,554,676,532,551,538,569,551,545,545,1019,1
536,543,528,508,518,521,556,681,531,564,554,568,552,543,542,1018,1
535,542,528,507,523,526,558,686,533,534,535,576,563,553,553,1019,1
535,548,531,506,522,514,561,684,535,545,538,564,577,558,545,1019,1
536,542,526,505,517,517,563,691,709,537,538,572,547,547,546,1019,1
536,543,525,505,518,523,563,697,783,546,546,636,545,542,549,1019,1
535,555,532,507,536,518,567,701,817,541,535,632,543,538,544,1019,1
537,560,541,516,542,528,571,696,832,543,529,581,548,540,543,1020,1
535,561,537,514,538,527,619,733,854,536,528,575,553,540,541,1019,1
565,536,523,509,535,526,560,695,849,540,542,578,549,540,537,1020,1
567,535,521,512,548,525,553,689,844,553,536,579,545,534,540,1020,1
565,535,520,589,540,515,562,687,846,543,534,613,546,539,540,1019,1
566,539,528,508,536,514,576,697,846,534,536,657,566,543,536,1019,1
567,555,532,512,543,514,576,699,855,544,526,575,565,553,537,1019,1
567,555,531,518,541,515,591,687,561,535,524,573,554,544,537,1020,1
551,555,531,512,538,516,591,706,573,530,522,575,558,550,537,1020,1
538,556,532,581,546,525,613,720,574,536,532,605,561,565,535,1020,1
532,557,534,514,537,525,590,713,552,543,534,578,640,609,534,1019,1
533,555,533,522,555,514,582,705,581,540,537,578,557,561,534,1020,1
543,555,527,518,530,522,584,707,718,533,533,616,550,555,533,1019,1
560,555,532,535,546,531,590,706,792,536,534,623,578,567,533,1019,1
565,557,532,510,535,520,571,694,817,529,524,622,556,551,532,1019,1
562,536,524,516,599,520,562,705,838,549,535,619,565,556,532,1020,1
575,538,523,515,551,522,559,699,839,530,527,613,561,550,531,1020,1
575,558,535,528,567,514,553,687,843,543,525,618,570,558,532,1020,1
573,537,523,522,566,515,535,677,837,537,529,618,547,542,531,1019,1
534,536,520,512,582,514,549,677,843,537,529,608,547,544,531,1019,1
533,534,519,510,540,517,555,680,840,533,528,608,555,542,531,1020,1
533,532,518,527,539,541,542,671,840,534,524,608,556,548,531,1020,1
571,530,517,515,546,521,566,685,842,538,530,617,555,545,531,1019,1
568,531,517,518,547,511,543,677,842,534,525,623,556,548,531,1020,1
567,531,517,527,550,511,540,670,837,532,526,620,556,545,531,1019,1
560,530,517,530,553,512,552,685,841,530,521,617,555,545,530,1020,1
566,529,515,511,569,532,541,671,837,530,518,565,551,542,530,1020,1
562,530,515,509,555,516,541,676,834,528,517,563,552,540,530,1020,1
537,530,515,509,544,530,548,674,837,528,518,561,552,543,530,1019,1
565,530,515,508,545,520,547,678,835,532,520,561,551,539,530,1020,1
564,529,514,507,548,518,547,675,840,535,524,562,548,542,530,1020,1
563,528,514,515,550,510,540,672,834,536,527,562,549,537,530,1020,1
563,528,513,514,564,507,542,671,839,530,521,561,549,543,529,1019,1
553,528,513,517,544,509,535,666,834,529,523,562,551,539,529,1019,1
560,527,513,538,542,521,544,673,843,529,518,563,551,545,529,1020,1
552,527,513,537,543,527,544,669,838,528,522,563,552,541,529,1019,1
562,527,513,513,543,525,533,667,838,527,518,564,552,544,530,1019,1
565,527,513,510,543,542,541,665,833,528,523,565,551,541,529,1019,1
559,528,513,527,542,519,540,672,835,529,520,565,551,541,529,1019,1
542,532,515,505,549,527,539,665,832,529,523,576,551,541,529,1020,1
529,532,515,501,541,515,543,676,832,529,520,570,551,539,529,1020,1
539,531,514,501,538,513,543,671,835,529,519,567,551,542,529,1020,1
538,531,515,504,743,514,542,676,834,529,532,690,551,540,529,1019,1
533,532,515,502,537,511,543,671,837,530,513,568,551,543,528,1019,1
532,532,515,503,537,516,541,671,833,530,530,693,551,540,528,1019,1
532,531,514,502,538,521,541,671,839,529,523,698,549,544,528,1020,1
532,531,514,501,542,557,542,670,833,529,515,592,549,538,529,1020,1
532,531,514,501,762,550,541,671,839,528,516,600,549,543,528,1020,1
530,530,514,503,759,508,540,667,834,528,518,567,551,540,528,1019,1
537,530,513,503,764,507,540,673,838,527,515,560,553,545,528,1020,1
553,529,513,513,775,507,540,667,834,526,520,558,556,544,528,1020,1
555,529,513,505,773,507,540,673,836,529,518,558,554,544,528,1020,1
558,529,512,502,536,506,540,667,834,528,520,558,560,547,528,1019,1
557,526,511,506,535,508,540,674,833,533,521,558,560,547,528,1020,1
538,524,511,509,535,510,541,669,835,533,522,559,566,555,528,1019,1
526,524,510,504,539,508,542,674,833,531,521,558,562,549,528,1020,1
526,524,510,506,540,507,534,666,836,532,521,560,557,552,528,1019,1
522,524,510,503,537,507,534,666,830,530,522,558,556,546,528,1019,1
521,524,510,503,549,506,537,667,837,529,519,561,562,554,528,1019,1
518,523,510,503,544,505,541,668,833,532,523,560,562,550,528,1020,1
518,523,510,504,543,506,541,672,840,534,522,559,566,557,528,1019,1
518,523,510,505,771,506,541,668,834,533,525,559,559,551,528,1019,1
518,523,510,518,581,504,542,674,839,531,521,558,559,552,528,1019,1
518,523,510,510,583,506,541,668,835,529,524,559,559,549,528,1019,1
520,523,509,503,593,501,541,675,837,533,523,559,574,557,528,1019,1
526,523,510,509,572,502,541,669,835,538,528,559,567,556,528,1020,1
554,523,509,520,572,505,540,675,833,535,525,560,560,550,528,1020,1
546,523,509,501,567,511,540,669,834,535,526,561,555,549,528,1019,1
557,523,510,499,567,503,539,673,832,537,527,561,553,543,527,1019,1
560,523,510,498,567,503,540,669,837,533,524,562,554,547,528,1020,1
559,523,511,499,566,502,540,670,832,531,524,563,556,544,528,1020,1
558,523,510,504,565,502,539,669,838,533,521,565,555,549,528,1019,1
559,524,511,501,532,502,539,667,832,533,526,569,553,543,528,1019,1
560,524,511,499,528,502,538,670,838,534,526,594,555,549,528,1019,1
559,524,511,509,529,510,539,666,834,536,533,595,575,559,528,1019,1
561,523,511,506,532,504,537,670,838,536,529,602,554,551,529,1020,1
558,523,510,502,536,515,537,665,834,537,531,606,553,546,530,1020,1
521,525,511,509,536,509,535,674,835,533,524,607,550,544,530,1019,1
563,525,512,507,536,509,533,651,527,528,520,609,546,538,530,1019,1
564,525,513,521,539,507,529,661,687,537,522,609,552,541,530,1020,1
564,526,514,503,541,507,526,663,764,530,521,610,547,547,530,1019,1
520,525,513,508,544,505,520,665,795,529,516,611,546,539,530,1020,1
564,526,512,502,540,505,521,663,817,549,520,606,547,548,530,1020,1
560,530,515,520,544,503,531,659,819,526,518,564,542,534,529,1020,1
555,532,518,530,538,503,524,656,828,527,517,555,549,542,529,1020,1
561,531,515,494,537,502,519,652,823,527,521,558,546,537,529,1019,1
553,552,519,515,537,501,520,656,829,527,518,562,546,536,529,1020,1
559,543,526,496,522,502,520,651,825,528,521,562,545,534,529,1019,1
561,550,524,498,536,501,520,658,829,527,517,562,542,535,529,1019,1
546,549,523,499,536,502,519,651,824,526,520,560,544,534,528,1020,1
536,547,521,502,537,503,520,659,826,527,517,560,544,533,528,1019,1
536,547,520,506,537,500,522,653,825,524,517,560,543,533,528,1019,1
563,546,520,504,541,500,520,659,823,524,515,560,543,531,527,1019,1
553,546,520,511,534,500,519,653,826,524,514,560,542,535,528,1020,1
543,547,521,526,530,502,521,658,824,524,515,560,542,530,527,1019,1
548,545,519,500,527,500,520,653,828,524,513,557,542,535,527,1019,1
550,544,518,496,527,498,521,655,823,524,516,557,542,531,527,1019,1
541,544,518,509,526,497,521,655,830,524,513,557,542,536,527,1019,1
564,544,519,500,527,502,519,653,825,527,521,562,544,533,529,1019,1
528,544,519,510,529,505,521,657,705,527,514,564,545,538,531,1020,1
550,549,523,506,529,502,522,642,681,530,523,568,545,537,532,1019,1
537,545,519,499,530,503,520,652,527,527,518,577,551,544,532,1019,1
530,550,524,496,531,503,519,649,689,528,526,605,562,548,531,1019,1
547,551,526,500,535,504,521,667,765,529,523,610,575,562,532,1019,1
548,554,529,508,537,504,523,661,798,529,523,606,580,565,531,1019,1
526,553,529,507,540,504,524,666,812,530,521,608,537,539,531,1020,1
545,553,526,504,538,510,525,649,691,530,516,604,543,539,531,1019,1
530,554,528,653,540,514,525,653,690,529,521,605,551,541,532,1019,1
558,557,536,514,558,510,529,655,689,531,514,570,549,544,532,1020,1
551,547,532,524,549,515,531,661,535,554,523,562,558,545,537,1020,1
547,548,531,516,547,521,541,673,597,544,541,559,562,546,538,1019,1
527,550,534,669,556,531,563,674,713,547,539,561,578,561,554,1019,1
568,549,536,571,569,526,552,682,531,549,558,561,547,541,540,1020,1
561,550,539,524,567,525,563,680,564,562,557,559,549,538,540,1020,1
563,543,529,518,591,524,559,687,602,560,546,561,549,540,540,1020,1
557,540,529,533,558,530,569,684,531,547,544,561,542,536,545,1021,1
558,539,528,522,549,529,563,691,532,568,555,562,544,535,552,1020,1
553,534,525,522,550,544,575,692,531,564,558,584,547,537,549,1020,1
554,535,531,522,549,539,567,699,532,550,552,589,548,541,546,1020,1
550,539,528,517,548,553,573,701,534,563,559,584,535,542,542,1019,1
558,547,535,523,539,532,573,704,529,563,555,564,531,531,549,1020,1
559,538,528,519,559,527,586,705,530,557,533,553,549,538,542,1020,1
526,538,528,518,542,528,574,698,532,534,552,555,541,533,548,1019,1
557,536,529,514,578,542,577,696,530,620,576,555,540,530,541,1019,1
557,537,531,531,543,528,574,686,531,568,565,543,537,522,561,1019,1
539,541,536,522,538,539,569,696,530,564,571,564,522,517,541,1019,1
561,539,535,522,567,527,566,692,529,551,554,545,521,514,539,1019,1
556,539,535,523,538,544,570,698,530,570,559,547,527,514,540,1019,1
566,562,541,524,534,528,554,685,531,583,565,540,528,515,539,1019,1
547,563,551,531,558,535,555,686,533,560,544,549,535,518,541,1019,1
589,541,535,525,547,536,585,685,532,583,559,541,532,516,540,1019,1
553,540,532,524,541,535,613,702,532,572,573,552,523,508,541,1020,1
551,541,533,522,538,531,552,682,533,606,575,555,540,515,539,1019,1
551,542,532,520,537,532,582,699,532,552,553,562,526,512,553,1019,1
550,540,532,518,537,529,556,684,534,560,554,580,537,520,542,1019,1
551,538,529,517,533,538,552,681,535,595,575,614,551,530,550,1020,1
547,537,528,514,530,535,557,684,538,592,570,569,537,530,544,1019,1
548,537,528,515,529,533,573,690,540,586,548,595,543,526,546,1019,1
553,540,531,518,531,528,574,691,540,542,549,593,548,527,556,1019,1
554,541,533,521,531,530,580,667,540,591,550,572,550,506,549,1020,1
530,542,530,521,527,543,572,659,535,551,523,585,553,472,547,1019,1
546,536,527,517,520,534,578,647,534,566,503,580,550,462,543,1020,1
546,535,525,513,519,523,563,658,531,556,514,602,548,486,542,1020,1
523,533,524,512,520,518,615,705,531,558,533,597,547,509,541,1019,1
522,533,524,511,519,520,575,702,530,564,548,557,546,521,540,1019,1
573,533,523,510,516,519,614,722,529,580,561,552,549,536,540,1020,1
564,532,523,510,516,537,609,722,529,534,541,564,544,533,539,1020,1
551,532,522,509,515,534,597,727,529,536,534,562,546,541,539,1020,1
549,532,523,509,515,521,564,703,531,555,552,620,551,543,538,1020,1
552,532,522,509,515,529,594,713,528,576,562,625,555,550,539,1020,1
550,531,522,509,514,643,554,692,528,572,567,621,553,546,538,1020,1
552,532,522,509,514,546,557,688,529,575,563,586,552,548,537,1019,1
553,532,522,509,514,521,574,704,529,538,548,638,553,546,537,1020,1
564,532,522,509,514,527,576,703,527,534,534,583,551,545,537,1020,1
572,531,522,509,514,530,553,686,527,552,546,594,550,544,537,1020,1
540,531,522,509,514,532,551,686,528,568,563,721,550,544,537,1019,1
538,532,522,509,514,538,561,688,527,577,557,562,547,543,537,1020,1
544,532,522,509,515,547,560,689,527,570,557,551,544,538,537,1020,1
543,532,522,509,515,530,558,687,527,579,565,551,543,540,537,1019,1
541,532,522,509,514,523,560,688,527,580,573,553,543,537,537,1019,1
540,531,522,509,514,525,559,711,528,548,589,567,544,574,537,1020,1
540,531,522,509,514,522,566,698,527,538,555,557,543,551,537,1020,1
542,531,522,509,514,554,556,689,527,534,536,558,543,545,537,1020,1
541,531,522,509,514,566,569,690,527,531,530,550,540,534,536,1020,1
540,532,522,509,514,530,598,721,527,533,526,563,539,535,536,1019,1
538,532,522,509,514,568,569,699,527,533,529,566,545,535,536,1019,1
536,532,522,509,514,530,556,688,527,535,530,567,547,536,536,1019,1
536,532,522,509,514,526,553,680,528,548,540,567,548,537,536,1020,1
535,532,522,509,514,526,612,709,526,558,538,557,548,536,536,1020,1
535,532,522,509,514,526,593,720,525,567,554,579,550,541,536,1019,1
534,532,522,509,514,526,549,691,525,559,551,555,551,539,535,1020,1
534,532,522,509,514,526,544,679,524,561,549,561,552,544,535,1020,1
533,531,522,508,514,522,542,676,525,558,552,573,549,539,535,1020,1
532,531,521,508,513,525,542,673,524,545,539,559,547,542,536,1020,1
532,531,521,508,513,519,541,670,525,562,550,553,547,536,536,1019,1
531,531,521,508,512,517,541,672,525,540,536,573,547,541,536,1019,1
531,531,521,508,513,516,542,669,523,546,548,573,546,537,536,1019,1
530,530,521,508,513,517,541,673,523,596,552,559,546,539,536,1019,1
530,530,521,508,513,517,541,670,524,572,561,556,546,536,536,1020,1
530,531,521,507,512,515,541,674,524,570,560,562,545,536,536,1019,1
530,531,521,507,512,515,541,670,523,545,547,554,545,535,535,1019,1
